epoca,loss,lr,tempo_s,precision,recall,f1,mAP50,mAP50-95,mar_100,TP,FP,FN,TN
1,0.690661,0.00049966,139.80,,,,,,,,,,
2,0.529557,0.00049863,140.45,,,,,,,,,,
3,0.518290,0.00049692,139.26,,,,,,,,,,
4,0.382442,0.00049454,140.03,,,,,,,,,,
5,0.341998,0.00049148,139.50,0.951923,0.213823,0.349206,0.728383,0.518624,0.734125,99,5,364,86
6,0.273616,0.00048776,139.82,,,,,,,,,,
7,0.256282,0.00048340,140.57,,,,,,,,,,
8,0.213734,0.00047839,140.02,,,,,,,,,,
9,0.183032,0.00047275,140.08,,,,,,,,,,
10,0.168598,0.00046651,139.77,0.810870,0.805616,0.808234,0.846030,0.630753,0.778186,373,87,90,77
11,0.170329,0.00045967,140.34,,,,,,,,,,
12,0.153442,0.00045225,139.67,,,,,,,,,,
13,0.141462,0.00044429,140.73,,,,,,,,,,
14,0.133953,0.00043579,139.50,,,,,,,,,,
15,0.140723,0.00042678,140.80,0.773663,0.812095,0.792413,0.837038,0.635758,0.767171,376,110,87,77
16,0.123496,0.00041728,139.17,,,,,,,,,,
17,0.112458,0.00040733,140.16,,,,,,,,,,
18,0.107796,0.00039695,139.88,,,,,,,,,,
19,0.104496,0.00038616,139.79,,,,,,,,,,
20,0.102110,0.00037500,140.20,0.789144,0.816415,0.802548,0.848836,0.655911,0.774082,378,101,85,77
21,0.096542,0.00036350,139.67,,,,,,,,,,
22,0.104628,0.00035168,140.35,,,,,,,,,,
23,0.116802,0.00033959,139.55,,,,,,,,,,
24,0.091449,0.00032725,140.26,,,,,,,,,,
25,0.097079,0.00031470,139.28,0.795833,0.825054,0.810180,0.843117,0.656871,0.770842,382,98,81,78
26,0.111718,0.00030198,140.52,,,,,,,,,,
27,0.102105,0.00028911,139.37,,,,,,,,,,
28,0.085050,0.00027613,140.56,,,,,,,,,,
29,0.089391,0.00026308,139.98,,,,,,,,,,
30,0.080852,0.00025000,140.05,0.879607,0.773218,0.822989,0.835506,0.637781,0.742333,358,49,105,85
31,0.108197,0.00023692,139.98,,,,,,,,,,
32,0.081385,0.00022387,139.68,,,,,,,,,,
33,0.077574,0.00021089,140.25,,,,,,,,,,
34,0.074652,0.00019802,139.30,,,,,,,,,,
35,0.073013,0.00018530,140.96,0.787879,0.842333,0.814196,0.853592,0.653756,0.767819,390,105,73,80
36,0.156507,0.00017275,138.80,,,,,,,,,,
37,0.170763,0.00016041,140.30,,,,,,,,,,
38,0.319913,0.00014832,139.46,,,,,,,,,,
39,0.124466,0.00013650,140.26,,,,,,,,,,
40,0.103161,0.00012500,139.70,0.811688,0.809935,0.810811,0.841618,0.639950,0.766523,375,87,88,83
41,0.094664,0.00011384,140.22,,,,,,,,,,
42,0.088409,0.00010305,139.98,,,,,,,,,,
43,0.089169,0.00009267,139.91,,,,,,,,,,
44,0.083973,0.00008272,140.00,,,,,,,,,,
45,0.079270,0.00007322,139.52,0.790890,0.825054,0.807611,0.847069,0.634889,0.761339,382,101,81,80
46,0.077488,0.00006421,140.44,,,,,,,,,,
47,0.077184,0.00005571,139.57,,,,,,,,,,
48,0.075989,0.00004775,140.45,,,,,,,,,,
49,0.075310,0.00004033,139.44,,,,,,,,,,
50,0.075259,0.00003349,140.35,0.792887,0.818575,0.805526,0.853871,0.646241,0.767171,379,99,84,81
51,0.072862,0.00002725,139.53,,,,,,,,,,
52,0.075517,0.00002161,140.16,,,,,,,,,,
53,0.075910,0.00001660,140.04,,,,,,,,,,
54,0.075085,0.00001224,140.18,,,,,,,,,,
55,0.074214,0.00000852,140.10,0.800000,0.838013,0.818565,0.851224,0.649197,0.770194,388,97,75,80
56,0.074842,0.00000546,139.78,,,,,,,,,,
57,0.072300,0.00000308,140.30,,,,,,,,,,
58,0.072121,0.00000137,139.77,,,,,,,,,,
59,0.072125,0.00000034,140.47,,,,,,,,,,
60,0.072687,0.00000000,139.31,0.802966,0.818575,0.810695,0.842541,0.637963,0.759179,379,93,84,81
